{
    "rewards": {
        "function": "vm:blocks/tilling/tilled_cd_iron"
    },
    "criteria": {
        "tilled_coarse_dirt": {
            "trigger": "minecraft:item_used_on_block",
            "conditions": {
                "player": [
                    {
                        "condition": "minecraft:entity_properties",
                        "predicate": {
                            "flags": {
                                "is_sneaking": true
                            }
                        },
                        "entity": "this"
                    }
                ],
                "item": {
                    "items": [
                        "minecraft:iron_hoe"
                    ]
                },
                "location": {
                    "block": {
                        "blocks": [
                            "minecraft:dirt"
                        ]
                    }
                }
            }
        }
    }
}
